{"files":{"home.html":{"frameworks":["pratica-pinegrow-base","pg.insight.events","pg.css.grid","pg.image.overlay","pg.code-validator","pg.asset.manager","pg.project.items","bs3.4.1","pg.html","pg.components"],"last_page_width":1024},"services.html":{"frameworks":["pg.insight.events","pg.code-validator","pg.project.items","pg.asset.manager","bs3.3.7","pg.html","pg.components"],"last_page_width":1024},"about.html":{"frameworks":["pg.insight.events","pg.code-validator","pg.project.items","pg.asset.manager","bs3.3.7","pg.html","pg.components"],"last_page_width":1024},"faq.html":{"frameworks":["pg.insight.events","pg.code-validator","pg.project.items","pg.asset.manager","bs3.3.7","pg.html","pg.components"],"last_page_width":1024},"contact.html":{"frameworks":["pg.insight.events","pg.code-validator","pg.project.items","pg.asset.manager","bs3.3.7","pg.html","pg.components"],"last_page_width":1024}},"breakpoints":["480px","768px","992px","1200px"],"frameworks":["pratica-pinegrow-base","pg.insight.events","pg.css.grid","pg.image.overlay","pg.code-validator","pg.asset.manager","pg.project.items","bs3.4.1","pg.html","pg.components"],"template_framework_id":"bootstrap","custom_width":1024}