{"files":{"home.html":{"frameworks":["pg.insight.events","pg.code-validator","pg.project.items","pg.asset.manager","bs3.3.7","pg.html","pg.components"],"last_page_width":992},"services.html":{"frameworks":["pg.insight.events","pg.code-validator","pg.project.items","pg.asset.manager","bs3.3.7","pg.html","pg.components"],"last_page_width":1024}},"breakpoints":["480px","768px","992px","1200px"],"frameworks":["pg.insight.events","pg.code-validator","pg.project.items","pg.asset.manager","bs3.3.7","pg.html","pg.components"],"template_framework_id":"bootstrap","custom_width":1024}